date,streak,word
06 19 2021,0,CIGAR
06 20 2021,1,REBUT
06 21 2021,2,SISSY
06 22 2021,3,HUMPH
06 23 2021,4,AWAKE
06 24 2021,5,BLUSH
06 25 2021,6,FOCAL
06 26 2021,7,EVADE
06 27 2021,8,NAVAL
06 28 2021,9,SERVE
06 29 2021,10,HEATH
06 30 2021,11,DWARF
07 01 2021,12,MODEL
07 02 2021,13,KARMA
07 03 2021,14,STINK
07 04 2021,15,GRADE
07 05 2021,16,QUIET
07 06 2021,17,BENCH
07 07 2021,18,ABATE
07 08 2021,19,FEIGN
07 09 2021,20,MAJOR
07 10 2021,21,DEATH
07 11 2021,22,FRESH
07 12 2021,23,CRUST
07 13 2021,24,STOOL
07 14 2021,25,COLON
07 15 2021,26,ABASE
07 16 2021,27,MARRY
07 17 2021,28,REACT
07 18 2021,29,BATTY
07 19 2021,30,PRIDE
07 20 2021,31,FLOSS
07 21 2021,32,HELIX
07 22 2021,33,CROAK
07 23 2021,34,STAFF
07 24 2021,35,PAPER
07 25 2021,36,UNFED
07 26 2021,37,WHELP
07 27 2021,38,TRAWL
07 28 2021,39,OUTDO
07 29 2021,40,ADOBE
07 30 2021,41,CRAZY
07 31 2021,42,SOWER
08 01 2021,43,REPAY
08 02 2021,44,DIGIT
08 03 2021,45,CRATE
08 04 2021,46,CLUCK
08 05 2021,47,SPIKE
08 06 2021,48,MIMIC
08 07 2021,49,POUND
08 08 2021,50,MAXIM
08 09 2021,51,LINEN
08 10 2021,52,UNMET
08 11 2021,53,FLESH
08 12 2021,54,BOOBY
08 13 2021,55,FORTH
08 14 2021,56,FIRST
08 15 2021,57,STAND
08 16 2021,58,BELLY
08 17 2021,59,IVORY
08 18 2021,60,SEEDY
08 19 2021,61,PRINT
08 20 2021,62,YEARN
08 21 2021,63,DRAIN
08 22 2021,64,BRIBE
08 23 2021,65,STOUT
08 24 2021,66,PANEL
08 25 2021,67,CRASS
08 26 2021,68,FLUME
08 27 2021,69,OFFAL
08 28 2021,70,AGREE
08 29 2021,71,ERROR
08 30 2021,72,SWIRL
08 31 2021,73,ARGUE
09 01 2021,74,BLEED
09 02 2021,75,DELTA
09 03 2021,76,FLICK
09 04 2021,77,TOTEM
09 05 2021,78,WOOER
09 06 2021,79,FRONT
09 07 2021,80,SHRUB
09 08 2021,81,PARRY
09 09 2021,82,BIOME
09 10 2021,83,LAPEL
09 11 2021,84,START
09 12 2021,85,GREET
09 13 2021,86,GONER
09 14 2021,87,GOLEM
09 15 2021,88,LUSTY
09 16 2021,89,LOOPY
09 17 2021,90,ROUND
09 18 2021,91,AUDIT
09 19 2021,92,LYING
09 20 2021,93,GAMMA
09 21 2021,94,LABOR
09 22 2021,95,ISLET
09 23 2021,96,CIVIC
09 24 2021,97,FORGE
09 25 2021,98,CORNY
09 26 2021,99,MOULT
09 27 2021,100,BASIC
09 28 2021,101,SALAD
09 29 2021,102,AGATE
09 30 2021,103,SPICY
10 01 2021,104,SPRAY
10 02 2021,105,ESSAY
10 03 2021,106,FJORD
10 04 2021,107,SPEND
10 05 2021,108,KEBAB
10 06 2021,109,GUILD
10 07 2021,110,ABACK
10 08 2021,111,MOTOR
10 09 2021,112,ALONE
10 10 2021,113,HATCH
10 11 2021,114,HYPER
10 12 2021,115,THUMB
10 13 2021,116,DOWRY
10 14 2021,117,OUGHT
10 15 2021,118,BELCH
10 16 2021,119,DUTCH
10 17 2021,120,PILOT
10 18 2021,121,TWEED
10 19 2021,122,COMET
10 20 2021,123,JAUNT
10 21 2021,124,ENEMA
10 22 2021,125,STEED
10 23 2021,126,ABYSS
10 24 2021,127,GROWL
10 25 2021,128,FLING
10 26 2021,129,DOZEN
10 27 2021,130,BOOZY
10 28 2021,131,ERODE
10 29 2021,132,WORLD
10 30 2021,133,GOUGE
10 31 2021,134,CLICK
11 01 2021,135,BRIAR
11 02 2021,136,GREAT
11 03 2021,137,ALTAR
11 04 2021,138,PULPY
11 05 2021,139,BLURT
11 06 2021,140,COAST
11 07 2021,141,DUCHY
11 08 2021,142,GROIN
11 09 2021,143,FIXER
11 10 2021,144,GROUP
11 11 2021,145,ROGUE
11 12 2021,146,BADLY
11 13 2021,147,SMART
11 14 2021,148,PITHY
11 15 2021,149,GAUDY
11 16 2021,150,CHILL
11 17 2021,151,HERON
11 18 2021,152,VODKA
11 19 2021,153,FINER
11 20 2021,154,SURER
11 21 2021,155,RADIO
11 22 2021,156,ROUGE
11 23 2021,157,PERCH
11 24 2021,158,RETCH
11 25 2021,159,WROTE
11 26 2021,160,CLOCK
11 27 2021,161,TILDE
11 28 2021,162,STORE
11 29 2021,163,PROVE
11 30 2021,164,BRING
12 01 2021,165,SOLVE
12 02 2021,166,CHEAT
12 03 2021,167,GRIME
12 04 2021,168,EXULT
12 05 2021,169,USHER
12 06 2021,170,EPOCH
12 07 2021,171,TRIAD
12 08 2021,172,BREAK
12 09 2021,173,RHINO
12 10 2021,174,VIRAL
12 11 2021,175,CONIC
12 12 2021,176,MASSE
12 13 2021,177,SONIC
12 14 2021,178,VITAL
12 15 2021,179,TRACE
12 16 2021,180,USING
12 17 2021,181,PEACH
12 18 2021,182,CHAMP
12 19 2021,183,BATON
12 20 2021,184,BRAKE
12 21 2021,185,PLUCK
12 22 2021,186,CRAZE
12 23 2021,187,GRIPE
12 24 2021,188,WEARY
12 25 2021,189,PICKY
12 26 2021,190,ACUTE
12 27 2021,191,FERRY
12 28 2021,192,ASIDE
12 29 2021,193,TAPIR
12 30 2021,194,TROLL
12 31 2021,195,UNIFY
01 01 2022,196,REBUS
01 02 2022,197,BOOST
01 03 2022,198,TRUSS
01 04 2022,199,SIEGE
01 05 2022,200,TIGER
01 06 2022,201,BANAL
01 07 2022,202,SLUMP
01 08 2022,203,CRANK
01 09 2022,204,GORGE
01 10 2022,205,QUERY
01 11 2022,206,DRINK
01 12 2022,207,FAVOR
01 13 2022,208,ABBEY
01 14 2022,209,TANGY
01 15 2022,210,PANIC
01 16 2022,211,SOLAR
01 17 2022,212,SHIRE
01 18 2022,213,PROXY
01 19 2022,214,POINT
01 20 2022,215,ROBOT
01 21 2022,216,PRICK
01 22 2022,217,WINCE
01 23 2022,218,CRIMP
01 24 2022,219,KNOLL
01 25 2022,220,SUGAR
01 26 2022,221,WHACK
01 27 2022,222,MOUNT
01 28 2022,223,PERKY
01 29 2022,224,COULD
01 30 2022,225,WRUNG
01 31 2022,226,LIGHT
02 01 2022,227,THOSE
02 02 2022,228,MOIST
02 03 2022,229,SHARD
02 04 2022,230,PLEAT
02 05 2022,231,ALOFT
02 06 2022,232,SKILL
02 07 2022,233,ELDER
02 08 2022,234,FRAME
02 09 2022,235,HUMOR
02 10 2022,236,PAUSE
02 11 2022,237,ULCER
02 12 2022,238,ULTRA
02 13 2022,239,ROBIN
02 14 2022,240,CYNIC
02 15 2022,241,AGORA
02 16 2022,242,AROMA
02 17 2022,243,CAULK
02 18 2022,244,SHAKE
02 19 2022,245,PUPAL
02 20 2022,246,DODGE
02 21 2022,247,SWILL
02 22 2022,248,TACIT
02 23 2022,249,OTHER
02 24 2022,250,THORN
02 25 2022,251,TROVE
02 26 2022,252,BLOKE
02 27 2022,253,VIVID
02 28 2022,254,SPILL
03 01 2022,255,CHANT
03 02 2022,256,CHOKE
03 03 2022,257,RUPEE
03 04 2022,258,NASTY
03 05 2022,259,MOURN
03 06 2022,260,AHEAD
03 07 2022,261,BRINE
03 08 2022,262,CLOTH
03 09 2022,263,HOARD
03 10 2022,264,SWEET
03 11 2022,265,MONTH
03 12 2022,266,LAPSE
03 13 2022,267,WATCH
03 14 2022,268,TODAY
03 15 2022,269,FOCUS
03 16 2022,270,SMELT
03 17 2022,271,TEASE
03 18 2022,272,CATER
03 19 2022,273,MOVIE
03 20 2022,274,LYNCH
03 21 2022,275,SAUTE
03 22 2022,276,ALLOW
03 23 2022,277,RENEW
03 24 2022,278,THEIR
03 25 2022,279,SLOSH
03 26 2022,280,PURGE
03 27 2022,281,CHEST
03 28 2022,282,DEPOT
03 29 2022,283,EPOXY
03 30 2022,284,NYMPH
03 31 2022,285,FOUND
04 01 2022,286,SHALL
04 02 2022,287,HARRY
04 03 2022,288,STOVE
04 04 2022,289,LOWLY
04 05 2022,290,SNOUT
04 06 2022,291,TROPE
04 07 2022,292,FEWER
04 08 2022,293,SHAWL
04 09 2022,294,NATAL
04 10 2022,295,FIBRE
04 11 2022,296,COMMA
04 12 2022,297,FORAY
04 13 2022,298,SCARE
04 14 2022,299,STAIR
04 15 2022,300,BLACK
04 16 2022,301,SQUAD
04 17 2022,302,ROYAL
04 18 2022,303,CHUNK
04 19 2022,304,MINCE
04 20 2022,305,SLAVE
04 21 2022,306,SHAME
04 22 2022,307,CHEEK
04 23 2022,308,AMPLE
04 24 2022,309,FLAIR
04 25 2022,310,FOYER
04 26 2022,311,CARGO
04 27 2022,312,OXIDE
04 28 2022,313,PLANT
04 29 2022,314,OLIVE
04 30 2022,315,INERT
05 01 2022,316,ASKEW
05 02 2022,317,HEIST
05 03 2022,318,SHOWN
05 04 2022,319,ZESTY
05 05 2022,320,HASTY
05 06 2022,321,TRASH
05 07 2022,322,FELLA
05 08 2022,323,LARVA
05 09 2022,324,FORGO
05 10 2022,325,STORY
05 11 2022,326,HAIRY
05 12 2022,327,TRAIN
05 13 2022,328,HOMER
05 14 2022,329,BADGE
05 15 2022,330,MIDST
05 16 2022,331,CANNY
05 17 2022,332,FETUS
05 18 2022,333,BUTCH
05 19 2022,334,FARCE
05 20 2022,335,SLUNG
05 21 2022,336,TIPSY
05 22 2022,337,METAL
05 23 2022,338,YIELD
05 24 2022,339,DELVE
05 25 2022,340,BEING
05 26 2022,341,SCOUR
05 27 2022,342,GLASS
05 28 2022,343,GAMER
05 29 2022,344,SCRAP
05 30 2022,345,MONEY
05 31 2022,346,HINGE
06 01 2022,347,ALBUM
06 02 2022,348,VOUCH
06 03 2022,349,ASSET
06 04 2022,350,TIARA
06 05 2022,351,CREPT
06 06 2022,352,BAYOU
06 07 2022,353,ATOLL
06 08 2022,354,MANOR
06 09 2022,355,CREAK
06 10 2022,356,SHOWY
06 11 2022,357,PHASE
06 12 2022,358,FROTH
06 13 2022,359,DEPTH
06 14 2022,360,GLOOM
06 15 2022,361,FLOOD
06 16 2022,362,TRAIT
06 17 2022,363,GIRTH
06 18 2022,364,PIETY
06 19 2022,365,PAYER
06 20 2022,366,GOOSE
06 21 2022,367,FLOAT
06 22 2022,368,DONOR
06 23 2022,369,ATONE
06 24 2022,370,PRIMO
06 25 2022,371,APRON
06 26 2022,372,BLOWN
06 27 2022,373,CACAO
06 28 2022,374,LOSER
06 29 2022,375,INPUT
06 30 2022,376,GLOAT
07 01 2022,377,AWFUL
07 02 2022,378,BRINK
07 03 2022,379,SMITE
07 04 2022,380,BEADY
07 05 2022,381,RUSTY
07 06 2022,382,RETRO
07 07 2022,383,DROLL
07 08 2022,384,GAWKY
07 09 2022,385,HUTCH
07 10 2022,386,PINTO
07 11 2022,387,GAILY
07 12 2022,388,EGRET
07 13 2022,389,LILAC
07 14 2022,390,SEVER
07 15 2022,391,FIELD
07 16 2022,392,FLUFF
07 17 2022,393,HYDRO
07 18 2022,394,FLACK
07 19 2022,395,AGAPE
07 20 2022,396,WENCH
07 21 2022,397,VOICE
07 22 2022,398,STEAD
07 23 2022,399,STALK
07 24 2022,400,BERTH
07 25 2022,401,MADAM
07 26 2022,402,NIGHT
07 27 2022,403,BLAND
07 28 2022,404,LIVER
07 29 2022,405,WEDGE
07 30 2022,406,AUGUR
07 31 2022,407,ROOMY
08 01 2022,408,WACKY
08 02 2022,409,FLOCK
08 03 2022,410,ANGRY
08 04 2022,411,BOBBY
08 05 2022,412,TRITE
08 06 2022,413,APHID
08 07 2022,414,TRYST
08 08 2022,415,MIDGE
08 09 2022,416,POWER
08 10 2022,417,ELOPE
08 11 2022,418,CINCH
08 12 2022,419,MOTTO
08 13 2022,420,STOMP
08 14 2022,421,UPSET
08 15 2022,422,BLUFF
08 16 2022,423,CRAMP
08 17 2022,424,QUART
08 18 2022,425,COYLY
08 19 2022,426,YOUTH
08 20 2022,427,RHYME
08 21 2022,428,BUGGY
08 22 2022,429,ALIEN
08 23 2022,430,SMEAR
08 24 2022,431,UNFIT
08 25 2022,432,PATTY
08 26 2022,433,CLING
08 27 2022,434,GLEAN
08 28 2022,435,LABEL
08 29 2022,436,HUNKY
08 30 2022,437,KHAKI
08 31 2022,438,POKER
09 01 2022,439,GRUEL
09 02 2022,440,TWICE
09 03 2022,441,TWANG
09 04 2022,442,SHRUG
09 05 2022,443,TREAT
09 06 2022,444,UNLIT
09 07 2022,445,WASTE
09 08 2022,446,MERIT
09 09 2022,447,WOVEN
09 10 2022,448,OCTAL
09 11 2022,449,NEEDY
09 12 2022,450,CLOWN
09 13 2022,451,WIDOW
09 14 2022,452,IRONY
09 15 2022,453,RUDER
09 16 2022,454,GAUZE
09 17 2022,455,CHIEF
09 18 2022,456,ONSET
09 19 2022,457,PRIZE
09 20 2022,458,FUNGI
09 21 2022,459,CHARM
09 22 2022,460,GULLY
09 23 2022,461,INTER
09 24 2022,462,WHOOP
09 25 2022,463,TAUNT
09 26 2022,464,LEERY
09 27 2022,465,CLASS
09 28 2022,466,THEME
09 29 2022,467,LOFTY
09 30 2022,468,TIBIA
10 01 2022,469,BOOZE
10 02 2022,470,ALPHA
10 03 2022,471,THYME
10 04 2022,472,ECLAT
10 05 2022,473,DOUBT
10 06 2022,474,PARER
10 07 2022,475,CHUTE
10 08 2022,476,STICK
10 09 2022,477,TRICE
10 10 2022,478,ALIKE
10 11 2022,479,SOOTH
10 12 2022,480,RECAP
10 13 2022,481,SAINT
10 14 2022,482,LIEGE
10 15 2022,483,GLORY
10 16 2022,484,GRATE
10 17 2022,485,ADMIT
10 18 2022,486,BRISK
10 19 2022,487,SOGGY
10 20 2022,488,USURP
10 21 2022,489,SCALD
10 22 2022,490,SCORN
10 23 2022,491,LEAVE
10 24 2022,492,TWINE
10 25 2022,493,STING
10 26 2022,494,BOUGH
10 27 2022,495,MARSH
10 28 2022,496,SLOTH
10 29 2022,497,DANDY
10 30 2022,498,VIGOR
10 31 2022,499,HOWDY
11 01 2022,500,ENJOY
11 02 2022,501,VALID
11 03 2022,502,IONIC
11 04 2022,503,EQUAL
11 05 2022,504,UNSET
11 06 2022,505,FLOOR
11 07 2022,506,CATCH
11 08 2022,507,SPADE
11 09 2022,508,STEIN
11 10 2022,509,EXIST
11 11 2022,510,QUIRK
11 12 2022,511,DENIM
11 13 2022,512,GROVE
11 14 2022,513,SPIEL
11 15 2022,514,MUMMY
11 16 2022,515,FAULT
11 17 2022,516,FOGGY
11 18 2022,517,FLOUT
11 19 2022,518,CARRY
11 20 2022,519,SNEAK
11 21 2022,520,LIBEL
11 22 2022,521,WALTZ
11 23 2022,522,APTLY
11 24 2022,523,PINEY
11 25 2022,524,INEPT
11 26 2022,525,ALOUD
11 27 2022,526,PHOTO
11 28 2022,527,DREAM
11 29 2022,528,STALE
11 30 2022,529,VOMIT
12 01 2022,530,OMBRE
12 02 2022,531,FANNY
12 03 2022,532,UNITE
12 04 2022,533,SNARL
12 05 2022,534,BAKER
12 06 2022,535,THERE
12 07 2022,536,GLYPH
12 08 2022,537,POOCH
12 09 2022,538,HIPPY
12 10 2022,539,SPELL
12 11 2022,540,FOLLY
12 12 2022,541,LOUSE
12 13 2022,542,GULCH
12 14 2022,543,VAULT
12 15 2022,544,GODLY
12 16 2022,545,THREW
12 17 2022,546,FLEET
12 18 2022,547,GRAVE
12 19 2022,548,INANE
12 20 2022,549,SHOCK
12 21 2022,550,CRAVE
12 22 2022,551,SPITE
12 23 2022,552,VALVE
12 24 2022,553,SKIMP
12 25 2022,554,CLAIM
12 26 2022,555,RAINY
12 27 2022,556,MUSTY
12 28 2022,557,PIQUE
12 29 2022,558,DADDY
12 30 2022,559,QUASI
12 31 2022,560,ARISE
12 32 2022,560,DONT
12 33 2022,560,REPOST
01 01 2023,561,AGING
01 02 2023,562,VALET
01 03 2023,563,OPIUM
01 04 2023,564,AVERT
01 05 2023,565,STUCK
01 06 2023,566,RECUT
01 07 2023,567,MULCH
01 08 2023,568,GENRE
01 09 2023,569,PLUME
01 10 2023,570,RIFLE
01 11 2023,571,COUNT
01 12 2023,572,INCUR
01 13 2023,573,TOTAL
01 14 2023,574,WREST
01 15 2023,575,MOCHA
01 16 2023,576,DETER
01 17 2023,577,STUDY
01 18 2023,578,LOVER
01 19 2023,579,SAFER
01 20 2023,580,RIVET
01 21 2023,581,FUNNY
01 22 2023,582,SMOKE
01 23 2023,583,MOUND
01 24 2023,584,UNDUE
01 25 2023,585,SEDAN
01 26 2023,586,PAGAN
01 27 2023,587,SWINE
01 28 2023,588,GUILE
01 29 2023,589,GUSTY
01 30 2023,590,EQUIP
01 31 2023,591,TOUGH
02 01 2023,592,CANOE
02 02 2023,593,CHAOS
02 03 2023,594,COVET
02 04 2023,595,HUMAN
02 05 2023,596,UDDER
02 06 2023,597,LUNCH
02 07 2023,598,BLAST
02 08 2023,599,STRAY
02 09 2023,600,MANGA
02 10 2023,601,MELEE
02 11 2023,602,LEFTY
02 12 2023,603,QUICK
02 13 2023,604,PASTE
02 14 2023,605,GIVEN
02 15 2023,606,OCTET
02 16 2023,607,RISEN
02 17 2023,608,GROAN
02 18 2023,609,LEAKY
02 19 2023,610,GRIND
02 20 2023,611,CARVE
02 21 2023,612,LOOSE
02 22 2023,613,SADLY
02 23 2023,614,SPILT
02 24 2023,615,APPLE
02 25 2023,616,SLACK
02 26 2023,617,HONEY
02 27 2023,618,FINAL
02 28 2023,619,SHEEN
03 01 2023,620,EERIE
03 02 2023,621,MINTY
03 03 2023,622,SLICK
03 04 2023,623,DERBY
03 05 2023,624,WHARF
03 06 2023,625,SPELT
03 07 2023,626,COACH
03 08 2023,627,ERUPT
03 09 2023,628,SINGE
03 10 2023,629,PRICE
03 11 2023,630,SPAWN
03 12 2023,631,FAIRY
03 13 2023,632,JIFFY
03 14 2023,633,FILMY
03 15 2023,634,STACK
03 16 2023,635,CHOSE
03 17 2023,636,SLEEP
03 18 2023,637,ARDOR
03 19 2023,638,NANNY
03 20 2023,639,NIECE
03 21 2023,640,WOOZY
03 22 2023,641,HANDY
03 23 2023,642,GRACE
03 24 2023,643,DITTO
03 25 2023,644,STANK
03 26 2023,645,CREAM
03 27 2023,646,USUAL
03 28 2023,647,DIODE
03 29 2023,648,VALOR
03 30 2023,649,ANGLE
03 31 2023,650,NINJA
04 01 2023,651,MUDDY
04 02 2023,652,CHASE
04 03 2023,653,REPLY
04 04 2023,654,PRONE
04 05 2023,655,SPOIL
04 06 2023,656,HEART
04 07 2023,657,SHADE
04 08 2023,658,DINER
04 09 2023,659,ARSON
04 10 2023,660,ONION
04 11 2023,661,SLEET
04 12 2023,662,DOWEL
04 13 2023,663,COUCH
04 14 2023,664,PALSY
04 15 2023,665,BOWEL
04 16 2023,666,SMILE
04 17 2023,667,EVOKE
04 18 2023,668,CREEK
04 19 2023,669,LANCE
04 20 2023,670,EAGLE
04 21 2023,671,IDIOT
04 22 2023,672,SIREN
04 23 2023,673,BUILT
04 24 2023,674,EMBED
04 25 2023,675,AWARD
04 26 2023,676,DROSS
04 27 2023,677,ANNUL
04 28 2023,678,GOODY
04 29 2023,679,FROWN
04 30 2023,680,PATIO
05 01 2023,681,LADEN
05 02 2023,682,HUMID
05 03 2023,683,ELITE
05 04 2023,684,LYMPH
05 05 2023,685,EDIFY
05 06 2023,686,MIGHT
05 07 2023,687,RESET
05 08 2023,688,VISIT
05 09 2023,689,GUSTO
05 10 2023,690,PURSE
05 11 2023,691,VAPOR
05 12 2023,692,CROCK
05 13 2023,693,WRITE
05 14 2023,694,SUNNY
05 15 2023,695,LOATH
05 16 2023,696,CHAFF
05 17 2023,697,SLIDE
05 18 2023,698,QUEER
05 19 2023,699,VENOM
05 20 2023,700,STAMP
05 21 2023,701,SORRY
05 22 2023,702,STILL
05 23 2023,703,ACORN
05 24 2023,704,APING
05 25 2023,705,PUSHY
05 26 2023,706,TAMER
05 27 2023,707,HATER
05 28 2023,708,MANIA
05 29 2023,709,AWOKE
05 30 2023,710,BRAWN
05 31 2023,711,SWIFT
06 01 2023,712,EXILE
06 02 2023,713,BIRCH
06 03 2023,714,LUCKY
06 04 2023,715,FREER
06 05 2023,716,RISKY
06 06 2023,717,GHOST
06 07 2023,718,PLIER
06 08 2023,719,LUNAR
06 09 2023,720,WINCH
06 10 2023,721,SNARE
06 11 2023,722,NURSE
06 12 2023,723,HOUSE
06 13 2023,724,BORAX
06 14 2023,725,NICER
06 15 2023,726,LURCH
06 16 2023,727,EXALT
06 17 2023,728,ABOUT
06 18 2023,729,SAVVY
06 19 2023,730,TOXIN
06 20 2023,731,TUNIC
06 21 2023,732,PRIED
06 22 2023,733,INLAY
06 23 2023,734,CHUMP
06 24 2023,735,LANKY
06 25 2023,736,CRESS
06 26 2023,737,EATER
06 27 2023,738,ELUDE
06 28 2023,739,CYCLE
06 29 2023,740,KITTY
06 30 2023,741,BOULE
07 01 2023,742,MORON
07 02 2023,743,TENET
07 03 2023,744,PLACE
07 04 2023,745,LOBBY
07 05 2023,746,PLUSH
07 06 2023,747,VIGIL
07 07 2023,748,INDEX
07 08 2023,749,BLINK
07 09 2023,750,CLUNG
07 10 2023,751,QUALM
07 11 2023,752,CROUP
07 12 2023,753,CLINK
07 13 2023,754,JUICY
07 14 2023,755,STAGE
07 15 2023,756,DECAY
07 16 2023,757,NERVE
07 17 2023,758,FLIER
07 18 2023,759,SHAFT
07 19 2023,760,CROOK
07 20 2023,761,CLEAN
07 21 2023,762,CHINA
07 22 2023,763,RIDGE
07 23 2023,764,VOWEL
07 24 2023,765,GNOME
07 25 2023,766,SNUCK
07 26 2023,767,ICING
07 27 2023,768,SPINY
07 28 2023,769,RIGOR
07 29 2023,770,SNAIL
07 30 2023,771,FLOWN
07 31 2023,772,RABID
08 01 2023,773,PROSE
08 02 2023,774,THANK
08 03 2023,775,POPPY
08 04 2023,776,BUDGE
08 05 2023,777,FIBER
08 06 2023,778,MOLDY
08 07 2023,779,DOWDY
08 08 2023,780,KNEEL
08 09 2023,781,TRACK
08 10 2023,782,CADDY
08 11 2023,783,QUELL
08 12 2023,784,DUMPY
08 13 2023,785,PALER
08 14 2023,786,SWORE
08 15 2023,787,REBAR
08 16 2023,788,SCUBA
08 17 2023,789,SPLAT
08 18 2023,790,FLYER
08 19 2023,791,HORNY
08 20 2023,792,MASON
08 21 2023,793,DOING
08 22 2023,794,OZONE
08 23 2023,795,AMPLY
08 24 2023,796,MOLAR
08 25 2023,797,OVARY
08 26 2023,798,BESET
08 27 2023,799,QUEUE
08 28 2023,800,CLIFF
08 29 2023,801,MAGIC
08 30 2023,802,TRUCE
08 31 2023,803,SPORT
09 01 2023,804,FRITZ
09 02 2023,805,EDICT
09 03 2023,806,TWIRL
09 04 2023,807,VERSE
09 05 2023,808,LLAMA
09 06 2023,809,EATEN
09 07 2023,810,RANGE
09 08 2023,811,WHISK
09 09 2023,812,HOVEL
09 10 2023,813,REHAB
09 11 2023,814,MACAW
09 12 2023,815,SIGMA
09 13 2023,816,SPOUT
09 14 2023,817,VERVE
09 15 2023,818,SUSHI
09 16 2023,819,DYING
09 17 2023,820,FETID
09 18 2023,821,BRAIN
09 19 2023,822,BUDDY
09 20 2023,823,THUMP
09 21 2023,824,SCION
09 22 2023,825,CANDY
09 23 2023,826,CHORD
09 24 2023,827,BASIN
09 25 2023,828,MARCH
09 26 2023,829,CROWD
09 27 2023,830,ARBOR
09 28 2023,831,GAYLY
09 29 2023,832,MUSKY
09 30 2023,833,STAIN
10 01 2023,834,DALLY
10 02 2023,835,BLESS
10 03 2023,836,BRAVO
10 04 2023,837,STUNG
10 05 2023,838,TITLE
10 06 2023,839,RULER
10 07 2023,840,KIOSK
10 08 2023,841,BLOND
10 09 2023,842,ENNUI
10 10 2023,843,LAYER
10 11 2023,844,FLUID
10 12 2023,845,TATTY
10 13 2023,846,SCORE
10 14 2023,847,CUTIE
10 15 2023,848,ZEBRA
10 16 2023,849,BARGE
10 17 2023,850,MATEY
10 18 2023,851,BLUER
10 19 2023,852,AIDER
10 20 2023,853,SHOOK
10 21 2023,854,RIVER
10 22 2023,855,PRIVY
10 23 2023,856,BETEL
10 24 2023,857,FRISK
10 25 2023,858,BONGO
10 26 2023,859,BEGUN
10 27 2023,860,AZURE
10 28 2023,861,WEAVE
10 29 2023,862,GENIE
10 30 2023,863,SOUND
10 31 2023,864,GLOVE
11 01 2023,865,BRAID
11 02 2023,866,SCOPE
11 03 2023,867,WRYLY
11 04 2023,868,ROVER
11 05 2023,869,ASSAY
11 06 2023,870,OCEAN
11 07 2023,871,BLOOM
11 08 2023,872,IRATE
11 09 2023,873,LATER
11 10 2023,874,WOKEN
11 11 2023,875,SILKY
11 12 2023,876,WRECK
11 13 2023,877,DWELT
11 14 2023,878,SLATE
11 15 2023,879,SMACK
11 16 2023,880,SOLID
11 17 2023,881,AMAZE
11 18 2023,882,HAZEL
11 19 2023,883,WRIST
11 20 2023,884,JOLLY
11 21 2023,885,GLOBE
11 22 2023,886,FLINT
11 23 2023,887,ROUSE
11 24 2023,888,CIVIL
11 25 2023,889,VISTA
11 26 2023,890,RELAX
11 27 2023,891,COVER
11 28 2023,892,ALIVE
11 29 2023,893,BEECH
11 30 2023,894,JETTY
12 01 2023,895,BLISS
12 02 2023,896,VOCAL
12 03 2023,897,OFTEN
12 04 2023,898,DOLLY
12 05 2023,899,EIGHT
12 06 2023,900,JOKER
12 07 2023,901,SINCE
12 08 2023,902,EVENT
12 09 2023,903,ENSUE
12 10 2023,904,SHUNT
12 11 2023,905,DIVER
12 12 2023,906,POSER
12 13 2023,907,WORST
12 14 2023,908,SWEEP
12 15 2023,909,ALLEY
12 16 2023,910,CREED
12 17 2023,911,ANIME
12 18 2023,912,LEAFY
12 19 2023,913,BOSOM
12 20 2023,914,DUNCE
12 21 2023,915,STARE
12 22 2023,916,PUDGY
12 23 2023,917,WAIVE
12 24 2023,918,CHOIR
12 25 2023,919,STOOD
12 26 2023,920,SPOKE
12 27 2023,921,OUTGO
12 28 2023,922,DELAY
12 29 2023,923,BILGE
12 30 2023,924,IDEAL
12 31 2023,925,CLASP
01 01 2024,926,SEIZE
01 02 2024,927,HOTLY
01 03 2024,928,LAUGH
01 04 2024,929,SIEVE
01 05 2024,930,BLOCK
01 06 2024,931,MEANT
01 07 2024,932,GRAPE
01 08 2024,933,NOOSE
01 09 2024,934,HARDY
01 10 2024,935,SHIED
01 11 2024,936,DRAWL
01 12 2024,937,DAISY
01 13 2024,938,PUTTY
01 14 2024,939,STRUT
01 15 2024,940,BURNT
01 16 2024,941,TULIP
01 17 2024,942,CRICK
01 18 2024,943,IDYLL
01 19 2024,944,VIXEN
01 20 2024,945,FUROR
01 21 2024,946,GEEKY
01 22 2024,947,COUGH
01 23 2024,948,NAIVE
01 24 2024,949,SHOAL
01 25 2024,950,STORK
01 26 2024,951,BATHE
01 27 2024,952,AUNTY
01 28 2024,953,CHECK
01 29 2024,954,PRIME
01 30 2024,955,BRASS
01 31 2024,956,OUTER
02 01 2024,957,FURRY
02 02 2024,958,RAZOR
02 03 2024,959,ELECT
02 04 2024,960,EVICT
02 05 2024,961,IMPLY
02 06 2024,962,DEMUR
02 07 2024,963,QUOTA
02 08 2024,964,HAVEN
02 09 2024,965,CAVIL
02 10 2024,966,SWEAR
02 11 2024,967,CRUMP
02 12 2024,968,DOUGH
02 13 2024,969,GAVEL
02 14 2024,970,WAGON
02 15 2024,971,SALON
02 16 2024,972,NUDGE
02 17 2024,973,HAREM
02 18 2024,974,PITCH
02 19 2024,975,SWORN
02 20 2024,976,PUPIL
02 21 2024,977,EXCEL
02 22 2024,978,STONY
02 23 2024,979,CABIN
02 24 2024,980,UNZIP
02 25 2024,981,QUEEN
02 26 2024,982,TROUT
02 27 2024,983,POLYP
02 28 2024,984,EARTH
02 29 2024,985,STORM
03 01 2024,986,UNTIL
03 02 2024,987,TAPER
03 03 2024,988,ENTER
03 04 2024,989,CHILD
03 05 2024,990,ADOPT
03 06 2024,991,MINOR
03 07 2024,992,FATTY
03 08 2024,993,HUSKY
03 09 2024,994,BRAVE
03 10 2024,995,FILET
03 11 2024,996,SLIME
03 12 2024,997,GLINT
03 13 2024,998,TREAD
03 14 2024,999,STEAL
03 15 2024,1000,REGAL
03 16 2024,1001,GUEST
03 17 2024,1002,EVERY
03 18 2024,1003,MURKY
03 19 2024,1004,SHARE
03 20 2024,1005,SPORE
03 21 2024,1006,HOIST
03 22 2024,1007,BUXOM
03 23 2024,1008,INNER
03 24 2024,1009,OTTER
03 25 2024,1010,DIMLY
03 26 2024,1011,LEVEL
03 27 2024,1012,SUMAC
03 28 2024,1013,DONUT
03 29 2024,1014,STILT
03 30 2024,1015,ARENA
03 31 2024,1016,SHEET
04 01 2024,1017,SCRUB
04 02 2024,1018,FANCY
04 03 2024,1019,SLIMY
04 04 2024,1020,PEARL
04 05 2024,1021,SILLY
04 06 2024,1022,PORCH
04 07 2024,1023,DINGO
04 08 2024,1024,SEPIA
04 09 2024,1025,AMBLE
04 10 2024,1026,SHADY
04 11 2024,1027,BREAD
04 12 2024,1028,FRIAR
04 13 2024,1029,REIGN
04 14 2024,1030,DAIRY
04 15 2024,1031,QUILL
04 16 2024,1032,CROSS
04 17 2024,1033,BROOD
04 18 2024,1034,TUBER
04 19 2024,1035,SHEAR
04 20 2024,1036,POSIT
04 21 2024,1037,BLANK
04 22 2024,1038,VILLA
04 23 2024,1039,SHANK
04 24 2024,1040,PIGGY
04 25 2024,1041,FREAK
04 26 2024,1042,WHICH
04 27 2024,1043,AMONG
04 28 2024,1044,FECAL
04 29 2024,1045,SHELL
04 30 2024,1046,WOULD
05 01 2024,1047,ALGAE
05 02 2024,1048,LARGE
05 03 2024,1049,RABBI
05 04 2024,1050,AGONY
05 05 2024,1051,AMUSE
05 06 2024,1052,BUSHY
05 07 2024,1053,COPSE
05 08 2024,1054,SWOON
05 09 2024,1055,KNIFE
05 10 2024,1056,POUCH
05 11 2024,1057,ASCOT
05 12 2024,1058,PLANE
05 13 2024,1059,CROWN
05 14 2024,1060,URBAN
05 15 2024,1061,SNIDE
05 16 2024,1062,RELAY
05 17 2024,1063,ABIDE
05 18 2024,1064,VIOLA
05 19 2024,1065,RAJAH
05 20 2024,1066,STRAW
05 21 2024,1067,DILLY
05 22 2024,1068,CRASH
05 23 2024,1069,AMASS
05 24 2024,1070,THIRD
05 25 2024,1071,TRICK
05 26 2024,1072,TUTOR
05 27 2024,1073,WOODY
05 28 2024,1074,BLURB
05 29 2024,1075,GRIEF
05 30 2024,1076,DISCO
05 31 2024,1077,WHERE
06 01 2024,1078,SASSY
06 02 2024,1079,BEACH
06 03 2024,1080,SAUNA
06 04 2024,1081,COMIC
06 05 2024,1082,CLUED
06 06 2024,1083,CREEP
06 07 2024,1084,CASTE
06 08 2024,1085,GRAZE
06 09 2024,1086,SNUFF
06 10 2024,1087,FROCK
06 11 2024,1088,GONAD
06 12 2024,1089,DRUNK
06 13 2024,1090,PRONG
06 14 2024,1091,LURID
06 15 2024,1092,STEEL
06 16 2024,1093,HALVE
06 17 2024,1094,BUYER
06 18 2024,1095,VINYL
06 19 2024,1096,UTILE
06 20 2024,1097,SMELL
06 21 2024,1098,ADAGE
06 22 2024,1099,WORRY
06 23 2024,1100,TASTY
06 24 2024,1101,LOCAL
06 25 2024,1102,TRADE
06 26 2024,1103,FINCH
06 27 2024,1104,ASHEN
06 28 2024,1105,MODAL
06 29 2024,1106,GAUNT
06 30 2024,1107,CLOVE
07 01 2024,1108,ENACT
07 02 2024,1109,ADORN
07 03 2024,1110,ROAST
07 04 2024,1111,SPECK
07 05 2024,1112,SHEIK
07 06 2024,1113,MISSY
07 07 2024,1114,GRUNT
07 08 2024,1115,SNOOP
07 09 2024,1116,PARTY
07 10 2024,1117,TOUCH
07 11 2024,1118,MAFIA
07 12 2024,1119,EMCEE
07 13 2024,1120,ARRAY
07 14 2024,1121,SOUTH
07 15 2024,1122,VAPID
07 16 2024,1123,JELLY
07 17 2024,1124,SKULK
07 18 2024,1125,ANGST
07 19 2024,1126,TUBAL
07 20 2024,1127,LOWER
07 21 2024,1128,CREST
07 22 2024,1129,SWEAT
07 23 2024,1130,CYBER
07 24 2024,1131,ADORE
07 25 2024,1132,TARDY
07 26 2024,1133,SWAMI
07 27 2024,1134,NOTCH
07 28 2024,1135,GROOM
07 29 2024,1136,ROACH
07 30 2024,1137,HITCH
07 31 2024,1138,YOUNG
08 01 2024,1139,ALIGN
08 02 2024,1140,READY
08 03 2024,1141,FROND
08 04 2024,1142,STRAP
08 05 2024,1143,PUREE
08 06 2024,1144,REALM
08 07 2024,1145,VENUE
08 08 2024,1146,SWARM
08 09 2024,1147,OFFER
08 10 2024,1148,SEVEN
08 11 2024,1149,DRYER
08 12 2024,1150,DIARY
08 13 2024,1151,DRYLY
08 14 2024,1152,DRANK
08 15 2024,1153,ACRID
08 16 2024,1154,HEADY
08 17 2024,1155,THETA
08 18 2024,1156,JUNTO
08 19 2024,1157,PIXIE
08 20 2024,1158,QUOTH
08 21 2024,1159,BONUS
08 22 2024,1160,SHALT
08 23 2024,1161,PENNE
08 24 2024,1162,AMEND
08 25 2024,1163,DATUM
08 26 2024,1164,BUILD
08 27 2024,1165,PIANO
08 28 2024,1166,SHELF
08 29 2024,1167,LODGE
08 30 2024,1168,SUING
08 31 2024,1169,REARM
09 01 2024,1170,CORAL
09 02 2024,1171,RAMEN
09 03 2024,1172,WORTH
09 04 2024,1173,PSALM
09 05 2024,1174,INFER
09 06 2024,1175,OVERT
09 07 2024,1176,MAYOR
09 08 2024,1177,OVOID
09 09 2024,1178,GLIDE
09 10 2024,1179,USAGE
09 11 2024,1180,POISE
09 12 2024,1181,RANDY
09 13 2024,1182,CHUCK
09 14 2024,1183,PRANK
09 15 2024,1184,FISHY
09 16 2024,1185,TOOTH
09 17 2024,1186,ETHER
09 18 2024,1187,DROVE
09 19 2024,1188,IDLER
09 20 2024,1189,SWATH
09 21 2024,1190,STINT
09 22 2024,1191,WHILE
09 23 2024,1192,BEGAT
09 24 2024,1193,APPLY
09 25 2024,1194,SLANG
09 26 2024,1195,TAROT
09 27 2024,1196,RADAR
09 28 2024,1197,CREDO
09 29 2024,1198,AWARE
09 30 2024,1199,CANON
10 01 2024,1200,SHIFT
10 02 2024,1201,TIMER
10 03 2024,1202,BYLAW
10 04 2024,1203,SERUM
10 05 2024,1204,THREE
10 06 2024,1205,STEAK
10 07 2024,1206,ILIAC
10 08 2024,1207,SHIRK
10 09 2024,1208,BLUNT
10 10 2024,1209,PUPPY
10 11 2024,1210,PENAL
10 12 2024,1211,JOIST
10 13 2024,1212,BUNNY
10 14 2024,1213,SHAPE
10 15 2024,1214,BEGET
10 16 2024,1215,WHEEL
10 17 2024,1216,ADEPT
10 18 2024,1217,STUNT
10 19 2024,1218,STOLE
10 20 2024,1219,TOPAZ
10 21 2024,1220,CHORE
10 22 2024,1221,FLUKE
10 23 2024,1222,AFOOT
10 24 2024,1223,BLOAT
10 25 2024,1224,BULLY
10 26 2024,1225,DENSE
10 27 2024,1226,CAPER
10 28 2024,1227,SNEER
10 29 2024,1228,BOXER
10 30 2024,1229,JUMBO
10 31 2024,1230,LUNGE
11 01 2024,1231,SPACE
11 02 2024,1232,AVAIL
11 03 2024,1233,SHORT
11 04 2024,1234,SLURP
11 05 2024,1235,LOYAL
11 06 2024,1236,FLIRT
11 07 2024,1237,PIZZA
11 08 2024,1238,CONCH
11 09 2024,1239,TEMPO
11 10 2024,1240,DROOP
11 11 2024,1241,PLATE
11 12 2024,1242,BIBLE
11 13 2024,1243,PLUNK
11 14 2024,1244,AFOUL
11 15 2024,1245,SAVOY
11 16 2024,1246,STEEP
11 17 2024,1247,AGILE
11 18 2024,1248,STAKE
11 19 2024,1249,DWELL
11 20 2024,1250,KNAVE
11 21 2024,1251,BEARD
11 22 2024,1252,AROSE
11 23 2024,1253,MOTIF
11 24 2024,1254,SMASH
11 25 2024,1255,BROIL
11 26 2024,1256,GLARE
11 27 2024,1257,SHOVE
11 28 2024,1258,BAGGY
11 29 2024,1259,MAMMY
11 30 2024,1260,SWAMP
12 01 2024,1261,ALONG
12 02 2024,1262,RUGBY
12 03 2024,1263,WAGER
12 04 2024,1264,QUACK
12 05 2024,1265,SQUAT
12 06 2024,1266,SNAKY
12 07 2024,1267,DEBIT
12 08 2024,1268,MANGE
12 09 2024,1269,SKATE
12 10 2024,1270,NINTH
12 11 2024,1271,JOUST
12 12 2024,1272,TRAMP
12 13 2024,1273,SPURN
12 14 2024,1274,MEDAL
12 15 2024,1275,MICRO
12 16 2024,1276,REBEL
12 17 2024,1277,FLANK
12 18 2024,1278,LEARN
12 19 2024,1279,NADIR
12 20 2024,1280,MAPLE
12 21 2024,1281,COMFY
12 22 2024,1282,REMIT
12 23 2024,1283,GRUFF
12 24 2024,1284,ESTER
12 25 2024,1285,LEAST
12 26 2024,1286,MOGUL
12 27 2024,1287,FETCH
12 28 2024,1288,CAUSE
12 29 2024,1289,OAKEN
12 30 2024,1290,AGLOW
12 31 2024,1291,MEATY
01 01 2025,1292,GAFFE
01 02 2025,1293,SHYLY
01 03 2025,1294,RACER
01 04 2025,1295,PROWL
01 05 2025,1296,THIEF
01 06 2025,1297,STERN
01 07 2025,1298,POESY
01 08 2025,1299,ROCKY
01 09 2025,1300,TWEET
01 10 2025,1301,WAIST
01 11 2025,1302,SPIRE
01 12 2025,1303,GROPE
01 13 2025,1304,HAVOC
01 14 2025,1305,PATSY
01 15 2025,1306,TRULY
01 16 2025,1307,FORTY
01 17 2025,1308,DEITY
01 18 2025,1309,UNCLE
01 19 2025,1310,SWISH
01 20 2025,1311,GIVER
01 21 2025,1312,PREEN
01 22 2025,1313,BEVEL
01 23 2025,1314,LEMUR
01 24 2025,1315,DRAFT
01 25 2025,1316,SLOPE
01 26 2025,1317,ANNOY
01 27 2025,1318,LINGO
01 28 2025,1319,BLEAK
01 29 2025,1320,DITTY
01 30 2025,1321,CURLY
01 31 2025,1322,CEDAR
02 01 2025,1323,DIRGE
02 02 2025,1324,GROWN
02 03 2025,1325,HORDE
02 04 2025,1326,DROOL
02 05 2025,1327,SHUCK
02 06 2025,1328,CRYPT
02 07 2025,1329,CUMIN
02 08 2025,1330,STOCK
02 09 2025,1331,GRAVY
02 10 2025,1332,LOCUS
02 11 2025,1333,WIDER
02 12 2025,1334,BREED
02 13 2025,1335,QUITE
02 14 2025,1336,CHAFE
02 15 2025,1337,CACHE
02 16 2025,1338,BLIMP
02 17 2025,1339,DEIGN
02 18 2025,1340,FIEND
02 19 2025,1341,LOGIC
02 20 2025,1342,CHEAP
02 21 2025,1343,ELIDE
02 22 2025,1344,RIGID
02 23 2025,1345,FALSE
02 24 2025,1346,RENAL
02 25 2025,1347,PENCE
02 26 2025,1348,ROWDY
02 27 2025,1349,SHOOT
02 28 2025,1350,BLAZE
03 01 2025,1351,ENVOY
03 02 2025,1352,POSSE
03 03 2025,1353,BRIEF
03 04 2025,1354,NEVER
03 05 2025,1355,ABORT
03 06 2025,1356,MOUSE
03 07 2025,1357,MUCKY
03 08 2025,1358,SULKY
03 09 2025,1359,FIERY
03 10 2025,1360,MEDIA
03 11 2025,1361,TRUNK
03 12 2025,1362,YEAST
03 13 2025,1363,CLEAR
03 14 2025,1364,SKUNK
03 15 2025,1365,SCALP
03 16 2025,1366,BITTY
03 17 2025,1367,CIDER
03 18 2025,1368,KOALA
03 19 2025,1369,DUVET
03 20 2025,1370,SEGUE
03 21 2025,1371,CREME
03 22 2025,1372,SUPER
03 23 2025,1373,GRILL
03 24 2025,1374,AFTER
03 25 2025,1375,OWNER
03 26 2025,1376,EMBER
03 27 2025,1377,REACH
03 28 2025,1378,NOBLY
03 29 2025,1379,EMPTY
03 30 2025,1380,SPEED
03 31 2025,1381,GIPSY
04 01 2025,1382,RECUR
04 02 2025,1383,SMOCK
04 03 2025,1384,DREAD
04 04 2025,1385,MERGE
04 05 2025,1386,BURST
04 06 2025,1387,KAPPA
04 07 2025,1388,AMITY
04 08 2025,1389,SHAKY
04 09 2025,1390,HOVER
04 10 2025,1391,CAROL
04 11 2025,1392,SNORT
04 12 2025,1393,SYNOD
04 13 2025,1394,FAINT
04 14 2025,1395,HAUNT
04 15 2025,1396,FLOUR
04 16 2025,1397,CHAIR
04 17 2025,1398,DETOX
04 18 2025,1399,SHREW
04 19 2025,1400,TENSE
04 20 2025,1401,PLIED
04 21 2025,1402,QUARK
04 22 2025,1403,BURLY
04 23 2025,1404,NOVEL
04 24 2025,1405,WAXEN
04 25 2025,1406,STOIC
04 26 2025,1407,JERKY
04 27 2025,1408,BLITZ
04 28 2025,1409,BEEFY
04 29 2025,1410,LYRIC
04 30 2025,1411,HUSSY
05 01 2025,1412,TOWEL
05 02 2025,1413,QUILT
05 03 2025,1414,BELOW
05 04 2025,1415,BINGO
05 05 2025,1416,WISPY
05 06 2025,1417,BRASH
05 07 2025,1418,SCONE
05 08 2025,1419,TOAST
05 09 2025,1420,EASEL
05 10 2025,1421,SAUCY
05 11 2025,1422,VALUE
05 12 2025,1423,SPICE
05 13 2025,1424,HONOR
05 14 2025,1425,ROUTE
05 15 2025,1426,SHARP
05 16 2025,1427,BAWDY
05 17 2025,1428,RADII
05 18 2025,1429,SKULL
05 19 2025,1430,PHONY
05 20 2025,1431,ISSUE
05 21 2025,1432,LAGER
05 22 2025,1433,SWELL
05 23 2025,1434,URINE
05 24 2025,1435,GASSY
05 25 2025,1436,TRIAL
05 26 2025,1437,FLORA
05 27 2025,1438,UPPER
05 28 2025,1439,LATCH
05 29 2025,1440,WIGHT
05 30 2025,1441,BRICK
05 31 2025,1442,RETRY
06 01 2025,1443,HOLLY
06 02 2025,1444,DECAL
06 03 2025,1445,GRASS
06 04 2025,1446,SHACK
06 05 2025,1447,DOGMA
06 06 2025,1448,MOVER
06 07 2025,1449,DEFER
06 08 2025,1450,SOBER
06 09 2025,1451,OPTIC
06 10 2025,1452,CRIER
06 11 2025,1453,VYING
06 12 2025,1454,NOMAD
06 13 2025,1455,FLUTE
06 14 2025,1456,HIPPO
06 15 2025,1457,SHARK
06 16 2025,1458,DRIER
06 17 2025,1459,OBESE
06 18 2025,1460,BUGLE
06 19 2025,1461,TAWNY
06 20 2025,1462,CHALK
06 21 2025,1463,FEAST
06 22 2025,1464,RUDDY
06 23 2025,1465,PEDAL
06 24 2025,1466,SCARF
06 25 2025,1467,CRUEL
06 26 2025,1468,BLEAT
06 27 2025,1469,TIDAL
06 28 2025,1470,SLUSH
06 29 2025,1471,SEMEN
06 30 2025,1472,WINDY
07 01 2025,1473,DUSTY
07 02 2025,1474,SALLY
07 03 2025,1475,IGLOO
07 04 2025,1476,NERDY
07 05 2025,1477,JEWEL
07 06 2025,1478,SHONE
07 07 2025,1479,WHALE
07 08 2025,1480,HYMEN
07 09 2025,1481,ABUSE
07 10 2025,1482,FUGUE
07 11 2025,1483,ELBOW
07 12 2025,1484,CRUMB
07 13 2025,1485,PANSY
07 14 2025,1486,WELSH
07 15 2025,1487,SYRUP
07 16 2025,1488,TERSE
07 17 2025,1489,SUAVE
07 18 2025,1490,GAMUT
07 19 2025,1491,SWUNG
07 20 2025,1492,DRAKE
07 21 2025,1493,FREED
07 22 2025,1494,AFIRE
07 23 2025,1495,SHIRT
07 24 2025,1496,GROUT
07 25 2025,1497,ODDLY
07 26 2025,1498,TITHE
07 27 2025,1499,PLAID
07 28 2025,1500,DUMMY
07 29 2025,1501,BROOM
07 30 2025,1502,BLIND
07 31 2025,1503,TORCH
08 01 2025,1504,ENEMY
08 02 2025,1505,AGAIN
08 03 2025,1506,TYING
08 04 2025,1507,PESKY
08 05 2025,1508,ALTER
08 06 2025,1509,GAZER
08 07 2025,1510,NOBLE
08 08 2025,1511,ETHOS
08 09 2025,1512,BRIDE
08 10 2025,1513,EXTOL
08 11 2025,1514,DECOR
08 12 2025,1515,HOBBY
08 13 2025,1516,BEAST
08 14 2025,1517,IDIOM
08 15 2025,1518,UTTER
08 16 2025,1519,THESE
08 17 2025,1520,SIXTH
08 18 2025,1521,ALARM
08 19 2025,1522,ERASE
08 20 2025,1523,ELEGY
08 21 2025,1524,SPUNK
08 22 2025,1525,PIPER
08 23 2025,1526,SCALY
08 24 2025,1527,SCOLD
08 25 2025,1528,HEFTY
08 26 2025,1529,CHICK
08 27 2025,1530,SOOTY
08 28 2025,1531,CANAL
08 29 2025,1532,WHINY
08 30 2025,1533,SLASH
08 31 2025,1534,QUAKE
09 01 2025,1535,JOINT
09 02 2025,1536,SWEPT
09 03 2025,1537,PRUDE
09 04 2025,1538,HEAVY
09 05 2025,1539,WIELD
09 06 2025,1540,FEMME
09 07 2025,1541,LASSO
09 08 2025,1542,MAIZE
09 09 2025,1543,SHALE
09 10 2025,1544,SCREW
09 11 2025,1545,SPREE
09 12 2025,1546,SMOKY
09 13 2025,1547,WHIFF
09 14 2025,1548,SCENT
09 15 2025,1549,GLADE
09 16 2025,1550,SPENT
09 17 2025,1551,PRISM
09 18 2025,1552,STOKE
09 19 2025,1553,RIPER
09 20 2025,1554,ORBIT
09 21 2025,1555,COCOA
09 22 2025,1556,GUILT
09 23 2025,1557,HUMUS
09 24 2025,1558,SHUSH
09 25 2025,1559,TABLE
09 26 2025,1560,SMIRK
09 27 2025,1561,WRONG
09 28 2025,1562,NOISY
09 29 2025,1563,ALERT
09 30 2025,1564,SHINY
10 01 2025,1565,ELATE
10 02 2025,1566,RESIN
10 03 2025,1567,WHOLE
10 04 2025,1568,HUNCH
10 05 2025,1569,PIXEL
10 06 2025,1570,POLAR
10 07 2025,1571,HOTEL
10 08 2025,1572,SWORD
10 09 2025,1573,CLEAT
10 10 2025,1574,MANGO
10 11 2025,1575,RUMBA
10 12 2025,1576,PUFFY
10 13 2025,1577,FILLY
10 14 2025,1578,BILLY
10 15 2025,1579,LEASH
10 16 2025,1580,CLOUT
10 17 2025,1581,DANCE
10 18 2025,1582,OVATE
10 19 2025,1583,FACET
10 20 2025,1584,CHILI
10 21 2025,1585,PAINT
10 22 2025,1586,LINER
10 23 2025,1587,CURIO
10 24 2025,1588,SALTY
10 25 2025,1589,AUDIO
10 26 2025,1590,SNAKE
10 27 2025,1591,FABLE
10 28 2025,1592,CLOAK
10 29 2025,1593,NAVEL
10 30 2025,1594,SPURT
10 31 2025,1595,PESTO
11 01 2025,1596,BALMY
11 02 2025,1597,FLASH
11 03 2025,1598,UNWED
11 04 2025,1599,EARLY
11 05 2025,1600,CHURN
11 06 2025,1601,WEEDY
11 07 2025,1602,STUMP
11 08 2025,1603,LEASE
11 09 2025,1604,WITTY
11 10 2025,1605,WIMPY
11 11 2025,1606,SPOOF
11 12 2025,1607,SANER
11 13 2025,1608,BLEND
11 14 2025,1609,SALSA
11 15 2025,1610,THICK
11 16 2025,1611,WARTY
11 17 2025,1612,MANIC
11 18 2025,1613,BLARE
11 19 2025,1614,SQUIB
11 20 2025,1615,SPOON
11 21 2025,1616,PROBE
11 22 2025,1617,CREPE
11 23 2025,1618,KNACK
11 24 2025,1619,FORCE
11 25 2025,1620,DEBUT
11 26 2025,1621,ORDER
11 27 2025,1622,HASTE
11 28 2025,1623,TEETH
11 29 2025,1624,AGENT
11 30 2025,1625,WIDEN
12 01 2025,1626,ICILY
12 02 2025,1627,SLICE
12 03 2025,1628,INGOT
12 04 2025,1629,CLASH
12 05 2025,1630,JUROR
12 06 2025,1631,BLOOD
12 07 2025,1632,ABODE
12 08 2025,1633,THROW
12 09 2025,1634,UNITY
12 10 2025,1635,PIVOT
12 11 2025,1636,SLEPT
12 12 2025,1637,TROOP
12 13 2025,1638,SPARE
12 14 2025,1639,SEWER
12 15 2025,1640,PARSE
12 16 2025,1641,MORPH
12 17 2025,1642,CACTI
12 18 2025,1643,TACKY
12 19 2025,1644,SPOOL
12 20 2025,1645,DEMON
12 21 2025,1646,MOODY
12 22 2025,1647,ANNEX
12 23 2025,1648,BEGIN
12 24 2025,1649,FUZZY
12 25 2025,1650,PATCH
12 26 2025,1651,WATER
12 27 2025,1652,LUMPY
12 28 2025,1653,ADMIN
12 29 2025,1654,OMEGA
12 30 2025,1655,LIMIT
12 31 2025,1656,TABBY
01 01 2026,1657,MACHO
01 02 2026,1658,AISLE
01 03 2026,1659,SKIFF
01 04 2026,1660,BASIS
01 05 2026,1661,PLANK
01 06 2026,1662,VERGE
01 07 2026,1663,BOTCH
01 08 2026,1664,CRAWL
01 09 2026,1665,LOUSY
01 10 2026,1666,SLAIN
01 11 2026,1667,CUBIC
01 12 2026,1668,RAISE
01 13 2026,1669,WRACK
01 14 2026,1670,GUIDE
01 15 2026,1671,FOIST
01 16 2026,1672,CAMEO
01 17 2026,1673,UNDER
01 18 2026,1674,ACTOR
01 19 2026,1675,REVUE
01 20 2026,1676,FRAUD
01 21 2026,1677,HARPY
01 22 2026,1678,SCOOP
01 23 2026,1679,CLIMB
01 24 2026,1680,REFER
01 25 2026,1681,OLDEN
01 26 2026,1682,CLERK
01 27 2026,1683,DEBAR
01 28 2026,1684,TALLY
01 29 2026,1685,ETHIC
01 30 2026,1686,CAIRN
01 31 2026,1687,TULLE
02 01 2026,1688,GHOUL
02 02 2026,1689,HILLY
02 03 2026,1690,CRUDE
02 04 2026,1691,APART
02 05 2026,1692,SCALE
02 06 2026,1693,OLDER
02 07 2026,1694,PLAIN
02 08 2026,1695,SPERM
02 09 2026,1696,BRINY
02 10 2026,1697,ABBOT
02 11 2026,1698,RERUN
02 12 2026,1699,QUEST
02 13 2026,1700,CRISP
02 14 2026,1701,BOUND
02 15 2026,1702,BEFIT
02 16 2026,1703,DRAWN
02 17 2026,1704,SUITE
02 18 2026,1705,ITCHY
02 19 2026,1706,CHEER
02 20 2026,1707,BAGEL
02 21 2026,1708,GUESS
02 22 2026,1709,BROAD
02 23 2026,1710,AXIOM
02 24 2026,1711,CHARD
02 25 2026,1712,CAPUT
02 26 2026,1713,LEANT
02 27 2026,1714,HARSH
02 28 2026,1715,CURSE
03 01 2026,1716,PROUD
03 02 2026,1717,SWING
03 03 2026,1718,OPINE
03 04 2026,1719,TASTE
03 05 2026,1720,LUPUS
03 06 2026,1721,GUMBO
03 07 2026,1722,MINER
03 08 2026,1723,GREEN
03 09 2026,1724,CHASM
03 10 2026,1725,LIPID
03 11 2026,1726,TOPIC
03 12 2026,1727,ARMOR
03 13 2026,1728,BRUSH
03 14 2026,1729,CRANE
03 15 2026,1730,MURAL
03 16 2026,1731,ABLED
03 17 2026,1732,HABIT
03 18 2026,1733,BOSSY
03 19 2026,1734,MAKER
03 20 2026,1735,DUSKY
03 21 2026,1736,DIZZY
03 22 2026,1737,LITHE
03 23 2026,1738,BROOK
03 24 2026,1739,JAZZY
03 25 2026,1740,FIFTY
03 26 2026,1741,SENSE
03 27 2026,1742,GIANT
03 28 2026,1743,SURLY
03 29 2026,1744,LEGAL
03 30 2026,1745,FATAL
03 31 2026,1746,FLUNK
04 01 2026,1747,BEGAN
04 02 2026,1748,PRUNE
04 03 2026,1749,SMALL
04 04 2026,1750,SLANT
04 05 2026,1751,SCOFF
04 06 2026,1752,TORUS
04 07 2026,1753,NINNY
04 08 2026,1754,COVEY
04 09 2026,1755,VIPER
04 10 2026,1756,TAKEN
04 11 2026,1757,MORAL
04 12 2026,1758,VOGUE
04 13 2026,1759,OWING
04 14 2026,1760,TOKEN
04 15 2026,1761,ENTRY
04 16 2026,1762,BOOTH
04 17 2026,1763,VOTER
04 18 2026,1764,CHIDE
04 19 2026,1765,ELFIN
04 20 2026,1766,EBONY
04 21 2026,1767,NEIGH
04 22 2026,1768,MINIM
04 23 2026,1769,MELON
04 24 2026,1770,KNEED
04 25 2026,1771,DECOY
04 26 2026,1772,VOILA
04 27 2026,1773,ANKLE
04 28 2026,1774,ARROW
04 29 2026,1775,MUSHY
04 30 2026,1776,TRIBE
05 01 2026,1777,CEASE
05 02 2026,1778,EAGER
05 03 2026,1779,BIRTH
05 04 2026,1780,GRAPH
05 05 2026,1781,ODDER
05 06 2026,1782,TERRA
05 07 2026,1783,WEIRD
05 08 2026,1784,TRIED
05 09 2026,1785,CLACK
05 10 2026,1786,COLOR
05 11 2026,1787,ROUGH
05 12 2026,1788,WEIGH
05 13 2026,1789,UNCUT
05 14 2026,1790,LADLE
05 15 2026,1791,STRIP
05 16 2026,1792,CRAFT
05 17 2026,1793,MINUS
05 18 2026,1794,DICEY
05 19 2026,1795,TITAN
05 20 2026,1796,LUCID
05 21 2026,1797,VICAR
05 22 2026,1798,DRESS
05 23 2026,1799,DITCH
05 24 2026,1800,GYPSY
05 25 2026,1801,PASTA
05 26 2026,1802,TAFFY
05 27 2026,1803,FLAME
05 28 2026,1804,SWOOP
05 29 2026,1805,ALOOF
05 30 2026,1806,SIGHT
05 31 2026,1807,BROKE
06 01 2026,1808,TEARY
06 02 2026,1809,CHART
06 03 2026,1810,SIXTY
06 04 2026,1811,WORDY
06 05 2026,1812,SHEER
06 06 2026,1813,LEPER
06 07 2026,1814,NOSEY
06 08 2026,1815,BULGE
06 09 2026,1816,SAVOR
06 10 2026,1817,CLAMP
06 11 2026,1818,FUNKY
06 12 2026,1819,FOAMY
06 13 2026,1820,TOXIC
06 14 2026,1821,BRAND
06 15 2026,1822,PLUMB
06 16 2026,1823,DINGY
06 17 2026,1824,BUTTE
06 18 2026,1825,DRILL
06 19 2026,1826,TRIPE
06 20 2026,1827,BICEP
06 21 2026,1828,TENOR
06 22 2026,1829,KRILL
06 23 2026,1830,WORSE
06 24 2026,1831,DRAMA
06 25 2026,1832,HYENA
06 26 2026,1833,THINK
06 27 2026,1834,RATIO
06 28 2026,1835,COBRA
06 29 2026,1836,BASIL
06 30 2026,1837,SCRUM
07 01 2026,1838,BUSED
07 02 2026,1839,PHONE
07 03 2026,1840,COURT
07 04 2026,1841,CAMEL
07 05 2026,1842,PROOF
07 06 2026,1843,HEARD
07 07 2026,1844,ANGEL
07 08 2026,1845,PETAL
07 09 2026,1846,POUTY
07 10 2026,1847,THROB
07 11 2026,1848,MAYBE
07 12 2026,1849,FETAL
07 13 2026,1850,SPRIG
07 14 2026,1851,SPINE
07 15 2026,1852,SHOUT
07 16 2026,1853,CADET
07 17 2026,1854,MACRO
07 18 2026,1855,DODGY
07 19 2026,1856,SATYR
07 20 2026,1857,RARER
07 21 2026,1858,BINGE
07 22 2026,1859,TREND
07 23 2026,1860,NUTTY
07 24 2026,1861,LEAPT
07 25 2026,1862,AMISS
07 26 2026,1863,SPLIT
07 27 2026,1864,MYRRH
07 28 2026,1865,WIDTH
07 29 2026,1866,SONAR
07 30 2026,1867,TOWER
07 31 2026,1868,BARON
08 01 2026,1869,FEVER
08 02 2026,1870,WAVER
08 03 2026,1871,SPARK
08 04 2026,1872,BELIE
08 05 2026,1873,SLOOP
08 06 2026,1874,EXPEL
08 07 2026,1875,SMOTE
08 08 2026,1876,BALER
08 09 2026,1877,ABOVE
08 10 2026,1878,NORTH
08 11 2026,1879,WAFER
08 12 2026,1880,SCANT
08 13 2026,1881,FRILL
08 14 2026,1882,AWASH
08 15 2026,1883,SNACK
08 16 2026,1884,SCOWL
08 17 2026,1885,FRAIL
08 18 2026,1886,DRIFT
08 19 2026,1887,LIMBO
08 20 2026,1888,FENCE
08 21 2026,1889,MOTEL
08 22 2026,1890,OUNCE
08 23 2026,1891,WREAK
08 24 2026,1892,REVEL
08 25 2026,1893,TALON
08 26 2026,1894,PRIOR
08 27 2026,1895,KNELT
08 28 2026,1896,CELLO
08 29 2026,1897,FLAKE
08 30 2026,1898,DEBUG
08 31 2026,1899,ANODE
09 01 2026,1900,CRIME
09 02 2026,1901,SALVE
09 03 2026,1902,SCOUT
09 04 2026,1903,IMBUE
09 05 2026,1904,PINKY
09 06 2026,1905,STAVE
09 07 2026,1906,VAGUE
09 08 2026,1907,CHOCK
09 09 2026,1908,FIGHT
09 10 2026,1909,VIDEO
09 11 2026,1910,STONE
09 12 2026,1911,TEACH
09 13 2026,1912,CLEFT
09 14 2026,1913,FROST
09 15 2026,1914,PRAWN
09 16 2026,1915,BOOTY
09 17 2026,1916,TWIST
09 18 2026,1917,APNEA
09 19 2026,1918,STIFF
09 20 2026,1919,PLAZA
09 21 2026,1920,LEDGE
09 22 2026,1921,TWEAK
09 23 2026,1922,BOARD
09 24 2026,1923,GRANT
09 25 2026,1924,MEDIC
09 26 2026,1925,BACON
09 27 2026,1926,CABLE
09 28 2026,1927,BRAWL
09 29 2026,1928,SLUNK
09 30 2026,1929,RASPY
10 01 2026,1930,FORUM
10 02 2026,1931,DRONE
10 03 2026,1932,WOMEN
10 04 2026,1933,MUCUS
10 05 2026,1934,BOAST
10 06 2026,1935,TODDY
10 07 2026,1936,COVEN
10 08 2026,1937,TUMOR
10 09 2026,1938,TRUER
10 10 2026,1939,WRATH
10 11 2026,1940,STALL
10 12 2026,1941,STEAM
10 13 2026,1942,AXIAL
10 14 2026,1943,PURER
10 15 2026,1944,DAILY
10 16 2026,1945,TRAIL
10 17 2026,1946,NICHE
10 18 2026,1947,MEALY
10 19 2026,1948,JUICE
10 20 2026,1949,NYLON
10 21 2026,1950,PLUMP
10 22 2026,1951,MERRY
10 23 2026,1952,FLAIL
10 24 2026,1953,PAPAL
10 25 2026,1954,WHEAT
10 26 2026,1955,BERRY
10 27 2026,1956,COWER
10 28 2026,1957,ERECT
10 29 2026,1958,BRUTE
10 30 2026,1959,LEGGY
10 31 2026,1960,SNIPE
11 01 2026,1961,SINEW
11 02 2026,1962,SKIER
11 03 2026,1963,PENNY
11 04 2026,1964,JUMPY
11 05 2026,1965,RALLY
11 06 2026,1966,UMBRA
11 07 2026,1967,SCARY
11 08 2026,1968,MODEM
11 09 2026,1969,GROSS
11 10 2026,1970,AVIAN
11 11 2026,1971,GREED
11 12 2026,1972,SATIN
11 13 2026,1973,TONIC
11 14 2026,1974,PARKA
11 15 2026,1975,SNIFF
11 16 2026,1976,LIVID
11 17 2026,1977,STARK
11 18 2026,1978,TRUMP
11 19 2026,1979,GIDDY
11 20 2026,1980,REUSE
11 21 2026,1981,TABOO
11 22 2026,1982,AVOID
11 23 2026,1983,QUOTE
11 24 2026,1984,DEVIL
11 25 2026,1985,LIKEN
11 26 2026,1986,GLOSS
11 27 2026,1987,GAYER
11 28 2026,1988,BERET
11 29 2026,1989,NOISE
11 30 2026,1990,GLAND
12 01 2026,1991,DEALT
12 02 2026,1992,SLING
12 03 2026,1993,RUMOR
12 04 2026,1994,OPERA
12 05 2026,1995,THIGH
12 06 2026,1996,TONGA
12 07 2026,1997,FLARE
12 08 2026,1998,WOUND
12 09 2026,1999,WHITE
12 10 2026,2000,BULKY
12 11 2026,2001,ETUDE
12 12 2026,2002,HORSE
12 13 2026,2003,CIRCA
12 14 2026,2004,PADDY
12 15 2026,2005,INBOX
12 16 2026,2006,FIZZY
12 17 2026,2007,GRAIN
12 18 2026,2008,EXERT
12 19 2026,2009,SURGE
12 20 2026,2010,GLEAM
12 21 2026,2011,BELLE
12 22 2026,2012,SALVO
12 23 2026,2013,CRUSH
12 24 2026,2014,FRUIT
12 25 2026,2015,SAPPY
12 26 2026,2016,TAKER
12 27 2026,2017,TRACT
12 28 2026,2018,OVINE
12 29 2026,2019,SPIKY
12 30 2026,2020,FRANK
12 31 2026,2021,REEDY
01 01 2027,2022,FILTH
01 02 2027,2023,SPASM
01 03 2027,2024,HEAVE
01 04 2027,2025,MAMBO
01 05 2027,2026,RIGHT
01 06 2027,2027,CLANK
01 07 2027,2028,TRUST
01 08 2027,2029,LUMEN
01 09 2027,2030,BORNE
01 10 2027,2031,SPOOK
01 11 2027,2032,SAUCE
01 12 2027,2033,AMBER
01 13 2027,2034,LATHE
01 14 2027,2035,CARAT
01 15 2027,2036,CORER
01 16 2027,2037,DIRTY
01 17 2027,2038,SLYLY
01 18 2027,2039,AFFIX
01 19 2027,2040,ALLOY
01 20 2027,2041,TAINT
01 21 2027,2042,SHEEP
01 22 2027,2043,KINKY
01 23 2027,2044,WOOLY
01 24 2027,2045,MAUVE
01 25 2027,2046,FLUNG
01 26 2027,2047,YACHT
01 27 2027,2048,FRIED
01 28 2027,2049,QUAIL
01 29 2027,2050,BRUNT
01 30 2027,2051,GRIMY
01 31 2027,2052,CURVY
02 01 2027,2053,CAGEY
02 02 2027,2054,RINSE
02 03 2027,2055,DEUCE
02 04 2027,2056,STATE
02 05 2027,2057,GRASP
02 06 2027,2058,MILKY
02 07 2027,2059,BISON
02 08 2027,2060,GRAFT
02 09 2027,2061,SANDY
02 10 2027,2062,BASTE
02 11 2027,2063,FLASK
02 12 2027,2064,HEDGE
02 13 2027,2065,GIRLY
02 14 2027,2066,SWASH
02 15 2027,2067,BONEY
02 16 2027,2068,COUPE
02 17 2027,2069,ENDOW
02 18 2027,2070,ABHOR
02 19 2027,2071,WELCH
02 20 2027,2072,BLADE
02 21 2027,2073,TIGHT
02 22 2027,2074,GEESE
02 23 2027,2075,MISER
02 24 2027,2076,MIRTH
02 25 2027,2077,CLOUD
02 26 2027,2078,CABAL
02 27 2027,2079,LEECH
02 28 2027,2080,CLOSE
03 01 2027,2081,TENTH
03 02 2027,2082,PECAN
03 03 2027,2083,DROIT
03 04 2027,2084,GRAIL
03 05 2027,2085,CLONE
03 06 2027,2086,GUISE
03 07 2027,2087,RALPH
03 08 2027,2088,TANGO
03 09 2027,2089,BIDDY
03 10 2027,2090,SMITH
03 11 2027,2091,MOWER
03 12 2027,2092,PAYEE
03 13 2027,2093,SERIF
03 14 2027,2094,DRAPE
03 15 2027,2095,FIFTH
03 16 2027,2096,SPANK
03 17 2027,2097,GLAZE
03 18 2027,2098,ALLOT
03 19 2027,2099,TRUCK
03 20 2027,2100,KAYAK
03 21 2027,2101,VIRUS
03 22 2027,2102,TESTY
03 23 2027,2103,TEPEE
03 24 2027,2104,FULLY
03 25 2027,2105,ZONAL
03 26 2027,2106,METRO
03 27 2027,2107,CURRY
03 28 2027,2108,GRAND
03 29 2027,2109,BANJO
03 30 2027,2110,AXION
03 31 2027,2111,BEZEL
04 01 2027,2112,OCCUR
04 02 2027,2113,CHAIN
04 03 2027,2114,NASAL
04 04 2027,2115,GOOEY
04 05 2027,2116,FILER
04 06 2027,2117,BRACE
04 07 2027,2118,ALLAY
04 08 2027,2119,PUBIC
04 09 2027,2120,RAVEN
04 10 2027,2121,PLEAD
04 11 2027,2122,GNASH
04 12 2027,2123,FLAKY
04 13 2027,2124,MUNCH
04 14 2027,2125,DULLY
04 15 2027,2126,EKING
04 16 2027,2127,THING
04 17 2027,2128,SLINK
04 18 2027,2129,HURRY
04 19 2027,2130,THEFT
04 20 2027,2131,SHORN
04 21 2027,2132,PYGMY
04 22 2027,2133,RANCH
04 23 2027,2134,WRING
04 24 2027,2135,LEMON
04 25 2027,2136,SHORE
04 26 2027,2137,MAMMA
04 27 2027,2138,FROZE
04 28 2027,2139,NEWER
04 29 2027,2140,STYLE
04 30 2027,2141,MOOSE
05 01 2027,2142,ANTIC
05 02 2027,2143,DROWN
05 03 2027,2144,VEGAN
05 04 2027,2145,CHESS
05 05 2027,2146,GUPPY
05 06 2027,2147,UNION
05 07 2027,2148,LEVER
05 08 2027,2149,LORRY
05 09 2027,2150,IMAGE
05 10 2027,2151,CABBY
05 11 2027,2152,DRUID
05 12 2027,2153,EXACT
05 13 2027,2154,TRUTH
05 14 2027,2155,DOPEY
05 15 2027,2156,SPEAR
05 16 2027,2157,CRIED
05 17 2027,2158,CHIME
05 18 2027,2159,CRONY
05 19 2027,2160,STUNK
05 20 2027,2161,TIMID
05 21 2027,2162,BATCH
05 22 2027,2163,GAUGE
05 23 2027,2164,ROTOR
05 24 2027,2165,CRACK
05 25 2027,2166,CURVE
05 26 2027,2167,LATTE
05 27 2027,2168,WITCH
05 28 2027,2169,BUNCH
05 29 2027,2170,REPEL
05 30 2027,2171,ANVIL
05 31 2027,2172,SOAPY
06 01 2027,2173,METER
06 02 2027,2174,BROTH
06 03 2027,2175,MADLY
06 04 2027,2176,DRIED
06 05 2027,2177,SCENE
06 06 2027,2178,KNOWN
06 07 2027,2179,MAGMA
06 08 2027,2180,ROOST
06 09 2027,2181,WOMAN
06 10 2027,2182,THONG
06 11 2027,2183,PUNCH
06 12 2027,2184,PASTY
06 13 2027,2185,DOWNY
06 14 2027,2186,KNEAD
06 15 2027,2187,WHIRL
06 16 2027,2188,RAPID
06 17 2027,2189,CLANG
06 18 2027,2190,ANGER
06 19 2027,2191,DRIVE
06 20 2027,2192,GOOFY
06 21 2027,2193,EMAIL
06 22 2027,2194,MUSIC
06 23 2027,2195,STUFF
06 24 2027,2196,BLEEP
06 25 2027,2197,RIDER
06 26 2027,2198,MECCA
06 27 2027,2199,FOLIO
06 28 2027,2200,SETUP
06 29 2027,2201,VERSO
06 30 2027,2202,QUASH
07 01 2027,2203,FAUNA
07 02 2027,2204,GUMMY
07 03 2027,2205,HAPPY
07 04 2027,2206,NEWLY
07 05 2027,2207,FUSSY
07 06 2027,2208,RELIC
07 07 2027,2209,GUAVA
07 08 2027,2210,RATTY
07 09 2027,2211,FUDGE
07 10 2027,2212,FEMUR
07 11 2027,2213,CHIRP
07 12 2027,2214,FORTE
07 13 2027,2215,ALIBI
07 14 2027,2216,WHINE
07 15 2027,2217,PETTY
07 16 2027,2218,GOLLY
07 17 2027,2219,PLAIT
07 18 2027,2220,FLECK
07 19 2027,2221,FELON
07 20 2027,2222,GOURD
07 21 2027,2223,BROWN
07 22 2027,2224,THRUM
07 23 2027,2225,FICUS
07 24 2027,2226,STASH
07 25 2027,2227,DECRY
07 26 2027,2228,WISER
07 27 2027,2229,JUNTA
07 28 2027,2230,VISOR
07 29 2027,2231,DAUNT
07 30 2027,2232,SCREE
07 31 2027,2233,IMPEL
08 01 2027,2234,AWAIT
08 02 2027,2235,PRESS
08 03 2027,2236,WHOSE
08 04 2027,2237,TURBO
08 05 2027,2238,STOOP
08 06 2027,2239,SPEAK
08 07 2027,2240,MANGY
08 08 2027,2241,EYING
08 09 2027,2242,INLET
08 10 2027,2243,CRONE
08 11 2027,2244,PULSE
08 12 2027,2245,MOSSY
08 13 2027,2246,STAID
08 14 2027,2247,HENCE
08 15 2027,2248,PINCH
08 16 2027,2249,TEDDY
08 17 2027,2250,SULLY
08 18 2027,2251,SNORE
08 19 2027,2252,RIPEN
08 20 2027,2253,SNOWY
08 21 2027,2254,ATTIC
08 22 2027,2255,GOING
08 23 2027,2256,LEACH
08 24 2027,2257,MOUTH
08 25 2027,2258,HOUND
08 26 2027,2259,CLUMP
08 27 2027,2260,TONAL
08 28 2027,2261,BIGOT
08 29 2027,2262,PERIL
08 30 2027,2263,PIECE
08 31 2027,2264,BLAME
09 01 2027,2265,HAUTE
09 02 2027,2266,SPIED
09 03 2027,2267,UNDID
09 04 2027,2268,INTRO
09 05 2027,2269,BASAL
09 06 2027,2270,SHINE
09 07 2027,2271,GECKO
09 08 2027,2272,RODEO
09 09 2027,2273,GUARD
09 10 2027,2274,STEER
09 11 2027,2275,LOAMY
09 12 2027,2276,SCAMP
09 13 2027,2277,SCRAM
09 14 2027,2278,MANLY
09 15 2027,2279,HELLO
09 16 2027,2280,VAUNT
09 17 2027,2281,ORGAN
09 18 2027,2282,FERAL
09 19 2027,2283,KNOCK
09 20 2027,2284,EXTRA
09 21 2027,2285,CONDO
09 22 2027,2286,ADAPT
09 23 2027,2287,WILLY
09 24 2027,2288,POLKA
09 25 2027,2289,RAYON
09 26 2027,2290,SKIRT
09 27 2027,2291,FAITH
09 28 2027,2292,TORSO
09 29 2027,2293,MATCH
09 30 2027,2294,MERCY
10 01 2027,2295,TEPID
10 02 2027,2296,SLEEK
10 03 2027,2297,RISER
10 04 2027,2298,TWIXT
10 05 2027,2299,PEACE
10 06 2027,2300,FLUSH
10 07 2027,2301,CATTY
10 08 2027,2302,LOGIN
10 09 2027,2303,EJECT
10 10 2027,2304,ROGER
10 11 2027,2305,RIVAL
10 12 2027,2306,UNTIE
10 13 2027,2307,REFIT
10 14 2027,2308,AORTA
10 15 2027,2309,ADULT
10 16 2027,2310,JUDGE
10 17 2027,2311,ROWER
10 18 2027,2312,ARTSY
10 19 2027,2313,RURAL
10 20 2027,2314,SHAVE